{"cameraMode":{"drawMode":0,"name":"Shaded","section":"Shading Mode"},"sceneLighting":true,"audioPlay":false,"sceneViewState":{"m_AlwaysRefresh":false,"showFog":true,"showSkybox":true,"showFlares":true,"showImageEffects":true,"showParticleSystems":true,"showVisualEffectGraphs":true,"m_FxEnabled":true},"in2DMode":false,"pivot":{"x":131.07679748535157,"y":-3.9949607849121095,"z":118.65931701660156},"rotation":{"x":0.12589634954929353,"y":-0.7984778881072998,"z":0.17922399938106538,"w":0.5607942342758179},"size":13.34799575805664,"orthographic":false}