{"cameraMode":{"drawMode":0,"name":"Shaded","section":"Shading Mode"},"sceneLighting":false,"audioPlay":false,"sceneViewState":{"m_AlwaysRefresh":false,"showFog":true,"showSkybox":false,"showFlares":true,"showImageEffects":true,"showParticleSystems":true,"showVisualEffectGraphs":true,"m_FxEnabled":true},"in2DMode":false,"pivot":{"x":264.01275634765627,"y":30.861412048339845,"z":81.03966522216797},"rotation":{"x":-0.0975901409983635,"y":0.03672950714826584,"z":-0.0035858917981386186,"w":-0.9945578575134277},"size":441.661865234375,"orthographic":false}