{"cameraMode":{"drawMode":0,"name":"Shaded","section":"Shading Mode"},"sceneLighting":false,"audioPlay":false,"sceneViewState":{"m_AlwaysRefresh":false,"showFog":true,"showSkybox":false,"showFlares":true,"showImageEffects":true,"showParticleSystems":true,"showVisualEffectGraphs":true,"m_FxEnabled":true},"in2DMode":false,"pivot":{"x":55.40107727050781,"y":2.3911304473876955,"z":59.950462341308597},"rotation":{"x":-0.0975901409983635,"y":0.03672950714826584,"z":-0.0035858917981386186,"w":-0.9945578575134277},"size":79.35139465332031,"orthographic":false}